-0.27683975566157704,0.37089359010928569,0.013720361941863594,-0.049670739733474856,-0.097207250239245035,0.11612759227686516,-0.0053571422672953018,0.00063965174087379296,0.060978523067226419,-0.21755909497334769,0.044054096130377779,0.17370473779782705,0.1130563745416891,-0.091835472770629603,-0.14500733432049523,0.20358657094698068,-0.08325477549718803,-0.30744495312364456,0.15757931303328943,-0.093611668562815067,0.067234096431192394,0.055328149809611919,-0.27253507988794384,-0.17991520146303164,0.17478789107090528,-0.1917089611133326,-0.094233075859857005,0.043783890591148511,0.010431649517347694,-0.1259404632205865,-0.21549659303366722,0.097126076368064015,0.038421006479600138,-0.049928164884269655,0.2145530912089294,0.13234662494906979,-0.47282154701980728,-0.071687037266723361,0.21075776073123303,-0.11570563081038403,-0.0062227169465085162,-0.24873733833916611,0.37871134394267458,-0.4432262926887196,0.062925596089115216,0.064819413128170536,-0.26153364550691777,0.034212128233016219,0.041288099984764411,0.10743131281822045
0.098141087425764828,0.0043089968095899912,-0.11823933849745641,0.44400051462966639,0.044360026750475255,-0.024918245892596076,-0.39896021386732644,-0.068517494515636393,-0.31960044900965978,-0.0010959621121786995,-0.30795881619753118,0.016943601437362187,0.030354843003228237,0.29959173438279324,0.1128005340624165,-0.045184324112201968,0.4287430517411967,0.0024878056740087612,-0.25576413688568317,-0.0043179260634833129,-0.18710458595190049,0.0021833927020881595,0.20869259542069651,0.25545185934667081,-0.15954956114687405,-0.0065078002454906948,-0.011853527974580728,0.48778380972563934,-0.30526958516347663,0.016670692141818814,0.048531055068199172,0.05338996257528112,0.15933929130961122,-0.08737452725715554,-0.039028364360417879,-0.40756159842621859,-0.067633384663206467,-0.082284427804643262,0.088174931561495834,0.050635098617078864,-0.31730964216865987,-0.036017357704269934,-0.021313392429164503,0.22225141262931569,-0.28638022545041653,-0.044250309132954635,-0.010232877117156734,-0.28801852677998624,-0.41223407793342759,0.031075557864345769
-0.0095223364258941214,-0.093948830899468483,-0.028347203497414302,0.33235825919133866,0.016195804537384683,-0.026310890499254867,-0.058118532928470058,-0.22765480588337675,-0.50579069806235299,-0.0039341785140814579,-0.31283543803409591,0.062366853058016286,0.016530385534739182,0.27808779568006076,-0.044937364117338729,-0.061096888342704291,0.53508916652874006,0.017947102709395951,-0.18659481255872704,-0.0001540935281159361,0.0056006811122467585,0.045712323783200941,0.24859001530222763,0.45601777843669117,0.061344842668134225,-0.018320410090993559,-0.0019398522467895492,0.46452226883969794,-0.12131709317682081,0.032802574280009496,0.1971213326089073,0.049741115953497443,0.50564206793919952,0.096793994100397282,-0.078842823661519498,-0.38388912733490999,-0.018651910052675174,-0.11483855696129563,0.011520026457636372,-0.0041482798428468144,-0.32354941461266551,0.068301759099175061,-0.025073447372242107,-0.012742341024259861,-0.3317159168426761,-0.021911574297105996,0.087212679576515545,-0.32883737397491514,-0.42622410517423831,0.01310512691255792
-0.026329917700823186,-0.029012302002145038,0.018895660600056648,-0.10310010060721408,0.1603092757549949,-0.041920992814624518,0.17847223238582238,0.05423950386208122,0.077109185865116059,0.22946817301531791,-0.15628329701334612,0.026357029291059444,-0.019645519542988765,0.031011894493937528,0.075826994678013585,0.080771340761053967,-0.099515088859054357,-0.060277801365729612,-0.08001153816095756,-0.02857248560363182,-0.058162111532184237,-0.040082237918678071,0.028140424850005081,-0.11271812092424005,-0.15453237708446974,0.10674752611269006,0.060100255777686573,-0.028657203859193112,-0.029650697919252785,-0.10882563938783947,0.040559334006320134,-0.13234311161170884,-0.09362613350609432,-0.0082698496079244132,0.14842478482962798,-0.019414522014073746,-0.0011780686362401146,0.12796609814675439,-0.045645964165158925,-0.051140498810458936,0.0065887283609087997,-0.16205563319264943,-0.02584992052561539,0.095489023445085724,-0.046848621752068192,0.13045214923602513,0.015944162812969811,0.030740275172321044,-0.033564663351805295,0.080779113233356084
-0.024127088858052637,0.063522454152653382,0.12048502861891333,0.062505872497164078,-0.075097552223754499,-0.017019469561527351,-0.052721586516226354,0.051310624363653079,-0.012483453256299794,-0.024218836022773554,0.021499197354485321,-0.019580931231663157,-0.041111151881611074,0.0039520469757975971,0.098713713237515988,-0.008647716641148797,0.056077643917213815,0.050354949660428042,0.026770382603987303,-0.060170501689966738,0.048402965278968799,0.065971154473728699,0.013833537912695657,-0.02512474525909901,-0.11988783424227267,-0.10154031260076363,-0.10719730154887126,-0.071986479764494765,0.027820728324182115,-0.018275893469200395,0.21101876226587574,0.036032754585586198,-0.10368011614953115,0.011991882585743406,-0.078764092560700549,-0.29612827181266982,0.091668296861240242,0.04334869027159078,0.2339566532174554,0.067019636048371495,-0.25717265641163539,-0.14218481493032276,-0.026539304112498135,0.064897652990392171,-0.07365651979364371,-0.021569580487387014,0.20239934661766346,0.013691781059562889,-0.27851921218591069,0.055224928881450724
0.044057513703285082,-0.0062698578635165415,-0.088242188754149326,-0.063219913363575783,0.14796807378447052,0.04042092298340505,-0.063000929164833949,0.032949735445729093,-0.052799461090202643,0.10225012814627304,0.16088984362603287,-0.041806798465081195,0.020110715751470595,-0.09504315288610922,-0.05011322320078198,0.071793552295363938,0.024690863125672445,0.043323604872033246,0.037577130894878442,0.026535693325058469,0.15305924085578723,-0.011359765314619574,0.029204514919644587,-0.067586999119895227,0.10087700079225924,-0.072806448267496882,0.15053493948967778,-0.04590283963472061,0.031112453242067451,0.039996229314113729,-0.0054749020096916947,-0.22645032224211079,-0.026843559269455631,0.030398603060761517,0.10033786143612461,0.029360945281718884,-0.057123214949388434,-0.031616294857798398,0.086302390056187436,-0.024556837181237065,-0.00039229648410623978,0.1485955760717233,0.034713246976074842,-0.1052140293464114,0.077030791732155365,0.0079481857893498892,0.14616619857264807,0.026787916949443571,0.025334554134902439,-0.022826602111222009
0.017048596171216783,0.1551299594511707,0.039805242218192885,-0.03366738594919038,0.01846240893787721,-0.011916580609599292,-0.15199364901300411,-0.035562169095302708,-0.18653911678301452,-0.23922128377439936,-0.11399490458738806,0.057186293114134909,-0.10700329262752929,0.07295316053391164,-0.046780115793308284,-0.086685905764853508,0.12040969913242899,-0.068368140386809786,0.0068046716042518083,0.017834674884155053,0.13491631031886106,0.12766013062252854,-0.017304605217006431,-0.076240858018791657,0.13499691135298073,-0.014168268054776501,-0.066362935845558288,-0.029073005765063605,-0.017013937023908198,0.0067401568390077354,0.09943690979380429,0.15272236052067864,0.13920466708615847,0.075489268761986111,-0.21492726456885569,0.13182820075280033,0.021267359370381853,0.059261469007328663,0.083143362409259569,0.084901031736219754,-0.1314310051511248,-0.087626022855921692,0.02344012520563904,0.06977856608743116,0.033304052072433019,-0.03217975074429294,0.10649778812161431,-0.013705566356939567,-0.094536973641750899,0.017228419636228679
0.014278597316215386,0.041950748964256296,0.10223498755744061,-0.027540819513475784,-0.21756119364443441,-0.15079361475583383,0.085157106195292098,0.15327179211647943,0.18252682962342934,-0.26899383620733724,0.12190581577039535,-0.20003072927166668,-0.11380532230348424,-0.025060356824986488,0.056471332608805921,0.061578887155557573,-0.022059280835008861,0.051445677300098649,-0.043999149524767585,0.098627974223061229,-0.063551920978337353,-0.086530481038107288,-0.025425357121745588,-0.023193849340922553,-0.22540535948414425,-0.12798752107390565,0.1117794743811639,-0.090980460072644403,0.0013045196529994285,-0.054257659451897366,-0.04629588424059862,-0.12470714448335114,-0.11109315061179656,0.11945224662271979,0.027988053003782428,0.11701979022669994,0.056027621437419413,-0.11708995137659883,0.16258503993650536,0.2572131572564505,0.030455583436640263,-0.07806335999643492,0.0056551064588268732,0.069306454645661528,0.1058860808522766,-0.021696474527154327,-0.119207032957966,0.035848219926202275,0.066019990586074717,-0.042378658060184218
-0.039998631794895927,-0.025241456708822239,0.03465851419340852,-0.017467464157664939,-0.08158636740360109,-0.23795430080752072,0.0441920164675213,0.065236749251472187,0.052062507405298136,0.25886095737511905,0.038333165674090515,-0.59275748556168939,-0.39856298383509109,-0.0070188781604232703,0.024073101838447419,-0.046507539446798307,0.0015172255483699693,0.032199864074401868,0.0017426056822825644,0.23559236733700953,-0.26177409112994815,-0.67678681834694732,0.027349016599401012,0.026284714881528299,-0.4663603529983405,0.35264579410707497,0.2815895156687595,0.0013787057624580865,-0.11646278758432768,-0.22628916086720482,0.057350366817124,-0.56677977308111827,-0.0038249155151907081,0.2246288366781535,-0.0075726864636565406,0.0027398439472174681,0.071079094380353577,0.06670339254580672,-0.18876241892402959,-0.0070187644122934314,0.11374010590232222,0.083288137186936173,0.0034705084225148306,-0.012674198767015445,0.045966922404609076,-0.32329268474868705,0.1781748859578457,0.04753544881691741,0.0074701459402982525,-0.47133554532311595
-0.098954600151387989,0.038077461884840735,0.028316457438829507,-0.0075803548582147294,-0.047139250515152442,-0.020467163407132852,-0.1614749654762074,0.024467014612449829,-0.03769677784912371,0.063056079609395535,0.027863953156433825,0.038401186899394778,0.065937622746315497,-0.16417830077715001,-0.07779364150238971,0.1266466644581391,0.16808415721465331,-0.029221445971297819,0.033528833969119778,-0.12636238144731335,-0.068570918372330564,-0.029074539420844134,-0.037248990163856792,-0.2380063274666625,0.046636883709723763,0.075545741568325095,0.011898144158986145,0.092203477648744384,0.079147247996542491,-0.097573494929199547,0.18435183459857618,0.052855260633030046,-0.12609336224287002,-0.049875413680071319,0.030117589363587445,0.0068541733563850689,-0.13251487069672307,0.041425068577367108,-0.062811839380073758,-0.24742165388829582,0.19771403412923447,-0.095757408296662933,0.0678015877512715,-0.055127372501110466,0.05346292756676968,0.069213096610009905,-0.076558763334263202,-0.019208071052291525,-0.097379307656652814,0.1152740512244152
0.025586000574491268,0.014936851793490346,-0.35188629613205441,0.47873534996161005,0.067093578980096005,-0.092328785881984871,-0.12530285962542634,-0.10408773910848873,-0.2664222869750516,-0.028883325958541178,-0.22141024563246328,0.033157670132697943,0.047699006322013203,0.28184240581177733,-0.044081127511915653,-0.075155814135319965,0.31578053475623141,-0.043824745047916711,-0.043351062074784528,-0.0087318569466629144,0.0074644851195806335,0.053690850881587676,0.090951549960788566,0.35211545465951771,-0.0013493158192738287,-0.02736802997930823,-0.021434707010262195,0.40037960324392274,-0.057580650875411178,-0.010547583807665732,0.032657720291183176,-0.0021862365739658491,0.13078362552294631,-0.063579960157348667,-0.093527229080653654,-0.24541464618068479,-0.051905211485583094,-0.075785042568021183,0.019963099474449977,0.014851885474713096,-0.28049373816369766,0.07117387420204295,-0.072972278212071987,-0.023747363850995566,-0.23596010594029931,0.0012128839605655565,-0.024277799802842684,-0.28107701959252107,-0.26957922437818932,0.035432100030703031
0.1228700492550332,0.11877502348787354,0.1175731372993136,-0.04022660046428863,-0.0075308824437865388,0.0081955338787395218,0.18650910354381575,0.20969320460419683,0.22438001445519362,-0.21219603915373939,0.17311379993722281,0.32148197080262148,0.10204802515167016,-0.019503420246206524,0.025967717924106598,0.15385544539673704,-0.033036125936537264,0.052772977191987834,0.078007300127331827,-0.13784777617377544,-0.2277615108132551,0.40875378366191562,0.033374241848954864,-0.012683009324754526,-0.055230554692917655,-0.19645419298977063,-0.23727051433531257,-0.083121351295726967,-0.20738182754188259,0.46199807112764513,-0.048405176404720564,0.10449705945102004,-0.12166030611703531,0.0554894666706192,0.0017304009920428305,0.12451949123447394,0.073889282257994168,-0.045065865081994207,0.16486159113951246,0.30555384545889736,0.18229282442406566,-0.072668931316923605,0.10375096436220599,0.14243589394519432,0.16414183144709968,-0.019828356569091831,-0.12523311650442115,0.03975407528450995,0.12346429178382741,0.22475139759946455
-0.13597443010746671,-0.15264983860364587,-0.040976934608849817,0.060814062280317778,-0.2042938860554768,-0.20313443508338455,0.026612917497504746,-0.019039639634375292,0.018896547627030965,0.86054753847468091,-0.070622609905452147,-0.89186515466254823,-0.58591419824225865,0.088871194153354968,0.023574355374410369,-0.19418171371603649,0.091331932711279457,-0.011811627189777515,-0.26589414657268401,0.5327309317818093,-0.52978889743094471,-0.88652632610737714,0.11768164148967765,0.16107039327581638,-0.68043551903345989,0.69385925472661858,0.54707799854404515,0.12445622938911256,-0.22772805226551018,-0.44155516626666003,0.20781200968693833,-0.9504448451165457,-0.00032025001462997952,0.31560779901807912,-0.12019522815136767,0.014691584002659566,0.018461144422853532,0.080173604089266132,-0.32317211021518066,-0.26455047881817634,0.092015903935746629,0.32539999734094899,-0.10621379570231071,-0.11845235473952041,0.0011274996549050114,-0.39444624177253423,0.42422600071898803,-0.032113300817377427,-0.086444658563629609,-0.59243957134955072
0.092692827834398472,-0.24285343303869544,-0.096466327275701674,0.50497577873700195,0.11442813308983335,0.13643262220486166,-0.1304916527265616,-0.077924195792568027,-0.40196779160767032,-0.0098027058358032548,-0.27723021811338244,0.020878023326401755,0.040459923595904015,0.28560973321962263,-0.13446944967606572,0.19206377180147863,0.25045237854972835,-0.11938198405375197,-0.13529995679016743,-0.011457244588058191,0.027692420530712684,0.024833372874529913,0.24059989732531173,0.35297205162515444,0.033901057525533303,-0.014383249518398065,-0.013069125231313136,0.20570733019704907,-0.13817331181113293,0.054724075628761734,0.0039583985033763572,0.10738231888413098,0.42725074028770732,-0.0020058155793422198,-0.2313707318935907,-0.28505271697447304,-0.18432000420227931,-0.053477651150287416,-0.018543916005808035,-0.039452748710740948,-0.22581736091939775,-0.0022152504470663217,-0.14273158880064574,0.0010031448588226407,-0.26601582461582074,-0.042514023827142845,-0.04160412498944948,-0.11146979043573832,-0.34629964922650674,0.026269880470089858
0.42836081372489626,0.27785336221831114,-0.098869686356998013,-0.068706623318880611,0.077390004310634156,-0.099667032544620338,-0.081005830324799979,-0.27597454251301307,-0.28083847020158298,-0.21785544147302963,-0.19912944272788319,0.19850308408192047,0.70211684393673846,0.055886042165099542,0.43242304685710237,0.65000116138720376,0.12741589345698592,0.37161994672221099,0.64152106088922178,-0.20201719044889707,-0.20974530345564799,-0.047326723516031989,0.38718470318618237,-0.084142799087937356,0.074880018675168164,-0.33227698811588813,-0.32206207949374271,0.40746865329345461,-0.12521347770948063,0.086458546197068678,-0.17394356181203327,0.15793524210809726,-0.024156284408720453,-0.20933159378111005,0.43113351448011411,-0.082376423266791468,0.18694048541042946,-0.12423976901162036,0.50848601032904606,-0.047717107557045689,-0.20559161565784073,-0.29894497308574475,0.50597221770478518,0.35710128529196794,-0.1791454732888306,0.015748689180550394,-0.36023140946880938,-0.2381554245437188,-0.1716353238259716,0.28739781510581319
-0.31186643143327047,-0.063547214121809081,0.01412068510669212,-0.0060063370613989099,-0.035617449000263014,-0.11046993324377964,0.01932456580424052,0.1065605242346792,0.026403273583791968,0.040266998414257807,0.042550442947989896,-0.037325233760620365,0.052668420139837545,-0.0098467635101038842,-0.23072580928028436,-0.17289682268813633,-0.0016988045720723113,-0.14151428176657604,0.19047119718268388,0.18005321943496697,0.10036940730819079,-0.47535540980724089,-0.018183360998611998,-0.010655768310967638,0.070256849157493237,0.19144309346313268,0.16033104368603224,0.020975027833979438,0.22934960917554004,-0.32775609159206914,0.0086881516100638795,0.021125391642396803,0.017340399500224209,0.085998842496177286,0.02673912504041254,0.0570686340795186,-0.3069446378908281,-0.0016488839631359975,-0.027439286355404161,-0.11694719552171005,0.011334328631524577,0.0047433329682317537,-0.010669284069011124,-0.28226360608268913,-0.0028993993041952107,0.02890475754099386,0.03410463970969075,0.031799961110464722,0.040702155353862686,-0.047196517512558343
-0.15274979990410376,0.058751285869964746,-0.015240665035982813,0.14838054883761156,-0.078649372517641536,-0.06875935481321406,0.015822581520502581,-0.11004875244965391,0.0038825729544654055,0.053758641101948716,-0.021455961103601096,0.02551414884855473,0.15089412984097095,0.14340443933677047,0.089459043529153126,-0.054805629462267538,-0.04085903226388251,-0.13662595436531821,-0.069024678532041694,0.20033408639632136,-0.037808969842738321,-0.049953829832792625,-0.1155856678719217,-0.054774431124389324,-0.017153109300620983,-0.038819575772195823,-0.25469645600320923,0.12933072347579097,-0.0070328010518771345,-0.03985579362041191,-0.039339350906953494,-0.038394357424530637,-0.1883808540277887,0.10924907006299707,-0.082796017033731101,0.046816596278911271,0.1974975361057896,-0.079231392824485977,-0.034655984487620951,0.019027959106964441,-0.0056279014261816423,-0.028961308600981783,0.031423582224882625,-0.029841117401864143,0.04433487335391028,0.070220465577332081,-0.22163776668453267,0.11026220000743747,-0.0050503377367103093,-0.014096260619205639
0.034740929085379908,0.18591912953478723,0.25774279455490146,-0.10525742747672211,0.14815509485568293,-0.078111266577327115,0.14959459947189391,0.072732396587528531,0.2339687949221291,-0.3308343977028631,0.15514948775315107,-0.17789837077108206,-0.17920052345260223,-0.098518639666001814,0.087892810804936841,0.15041324203289977,-0.10018510468306301,0.10628964247499646,0.057033900958613118,0.027766456466326583,-0.028344724715689201,-0.12032710104196125,-0.099019828702726576,-0.10839154383422253,-0.29605919908778844,-0.30907742783188724,0.12838888590797848,-0.19002149678017344,-0.019914496462973295,0.016159291561281545,-0.19052350037030122,-0.26328128178192284,-0.1308652372200162,0.13755812933890282,0.074004167485037797,0.23325824686355801,0.01839116722880425,0.040290282385749047,0.088677788097859672,0.17964441876257423,0.26242180539254623,-0.21804807467769508,0.22027574839178157,0.08901698678263259,0.19074653241873801,-0.020259611656226185,-0.33574553912746885,0.2378587309762473,0.26912495977451578,-0.22504048491159107
0.48840836411420901,0.4354400429674371,-0.21589392597319607,0.12659785458809003,-0.027044721215415495,0.040127997364696716,-0.20240607725552798,-0.1892929465613471,-0.19538589692737177,-0.2060981791788401,-0.17175808170687032,0.01307338520729477,0.14432958673960322,-0.11930210176421843,0.42531004112373261,0.61573437976074819,0.14408720529587538,0.37399535731341305,0.22308540232028132,-0.28435649276549008,0.021937740033419289,0.044215043226290468,0.063423902763354731,-0.040186630739884308,0.035721546806270779,-0.30237437089421354,-0.26250916853567313,0.38856809432582207,0.1267776204065871,0.32571687696578594,-0.19984604886071891,-0.020059871693733518,0.094291500563123992,-0.33409705503700449,0.35446034603635634,-0.12122810327657307,0.30204326090940969,0.016901778030563298,0.46590656161977501,0.24260934819656815,-0.25811493891003223,-0.18757568644713821,0.17767209647619159,0.51941264099970319,-0.17204173836929748,-0.095496674756332389,-0.19005485140534731,-0.34850310054811756,-0.22567952683198442,0.28309747831169729
0.017061649228390968,0.028856813185936921,0.11536031012709576,0.099688686558460096,-0.08938342416773315,-0.16770461457149768,0.090672236034393339,0.19601634010224395,0.0051580608026952956,-0.026744206269993933,-0.12028997759272762,0.18529413304660908,0.16945495034836089,0.14237415033059278,-0.022132430828627547,0.18663316119799397,-0.16362627151945847,-0.079605639455776603,0.031990271415866529,0.10431816537307266,-0.041725795563223533,0.05444575129479963,0.0047572807015323288,0.13015133515465413,-0.082663054729711194,0.15416153892933515,0.0015522024272382022,0.18519508177651534,0.010379693816334922,-0.11706424762592189,0.076705121492009504,-0.037722869265816743,0.063215057866176538,-0.16381075177584728,-0.066490699643166437,-0.085447010924628086,0.051680103164848404,0.14279678730308598,-0.1037691214387066,0.00077745663032853637,0.087087723415012225,-0.065852617102263561,-0.085872586282044736,0.17361656819759252,0.054383359013032741,-0.071209728623201657,-0.034062377411085892,0.064506740564630141,-0.027760432057981593,-0.13421170575432365
0.0099071034585522348,-0.063862480459857485,-0.039061489891395004,0.039882001319506234,0.13176994333893113,0.060999283611585013,0.08863728178871233,-0.064197651557445432,-0.074425905455681562,-0.051127018011431408,0.069480669675801354,-0.13842219622569621,-0.093698016926163377,-0.11492837773008922,0.070868373773321641,-0.025255666007109087,-0.042748841280212821,0.0054483007513563206,-0.061829020657141423,0.046969684659087949,-0.13451764922501766,0.19402981162887706,-0.17701089162417738,-0.065256672894363141,-0.016903106795333581,-0.11751063764478387,0.041765220273630749,0.137927521902142,-0.13253745984839024,0.025819963526273776,0.048424639250965296,0.054968167597992917,-0.038165299903556424,-0.077919954739670075,0.017710462598605679,-0.012447323833072954,-0.01576792149560656,-0.041723886482263953,-0.072386834625851618,0.018777584693040129,0.0090362682973661006,0.0032554407233734589,0.015947342222078453,0.050275215800954454,-0.13736849758271782,0.071764469425556365,-0.073206875459771267,0.070897819379345486,-0.069654585874510705,-0.031513670708687838
0.10226460230718903,0.040069237784020273,-0.16369029085250938,0.41036665843464804,-0.14525055019701338,-0.081102043064760113,-0.48055978795412796,-0.095552853690487508,-0.21485207483927582,-0.00028444037152265379,-0.25674313972105434,0.0259020165747058,0.021811665617140489,0.33012008538968762,0.035127144534176903,0.077718081884148998,0.30038681892430719,0.11353325269678705,-0.18095783058343726,-0.013074236000144413,0.017107810317093571,0.064301479438516565,0.31646227749477046,0.22883339689544482,0.077712088173779698,-0.015683585871888336,-0.027989495500941451,0.29905581370234585,-0.27660860850444591,0.042524062245875134,0.047051903949201938,0.031729089059408029,0.13802382658249579,-0.13786480220929623,-0.094402331428554948,-0.065905114725192407,0.2021143749941077,-0.15048428885462012,-0.071282518161090699,0.0059936985785754978,-0.34746354132390345,0.076806648776477873,-0.012531747191554501,-0.031372594585031992,-0.274089328333747,-0.072786850502109965,-0.033612582107838185,-0.46787162224123174,-0.21128649605649055,0.0032284824025675765
0.032449085259738726,-0.0038065503766668979,0.017352640827399832,-0.01376740517610749,-0.10785116370604585,-0.08291766321243034,0.06367624819818879,0.075581028510267281,0.039284186385378173,0.10313354945136283,0.011396905420045267,-0.78329639178004418,-0.36610190587685987,-0.0092066659246081983,0.041705639674024859,0.0036799607949951395,-0.0012765347292343328,0.036145747076102866,-0.034677436081858998,0.13642733284536601,-0.3916853345714062,-0.68484667050192483,0.013492755679371153,0.0076544510592975838,-0.4787499505382059,0.10094022670917221,0.14911366884121657,0.0066145576080691758,-0.078937344814635768,-0.089614569843827083,0.0055031071992315351,-0.75220986367994458,-0.038725569827833622,0.10310069906179226,0.0013735791514294011,0.016360591531032108,0.047179300821067222,-0.09204304101993345,-0.13383723528431368,0.014178018506763014,0.048384403762582448,0.021019348068149618,0.016609929529836222,0.049332362636712639,-0.003193877444863609,-0.40129871013468021,0.026401929941650915,0.058299396587996939,0.025737865925687328,-0.48296779017463343
-0.18487140338639318,-0.11881317372517688,0.11279377997314188,0.027043422242705364,-0.13811382630112187,0.065928173984480448,-0.19711963440828936,-0.0038366575800892464,-0.24873850611584059,0.15612041179053476,-0.072207492644766433,-0.05216717368026802,0.010954666878891448,0.0030798769418318131,-0.0053039018141055935,-0.26350950668349016,-0.017755516514795983,0.12560073307730901,0.014328110221419344,0.0099336895829029489,-0.044915336479506754,-0.088782794126660181,0.0047408913432682538,0.005695667658496769,0.01534545131976563,0.20390529145252601,-0.14508760403763418,-0.028814999596274177,-0.051209748621556778,-0.12633440981800842,-0.058675277918689532,-0.02024882347248981,0.0004138165720058213,0.0047580165225574976,0.14913992423717259,-0.0035865362350107916,0.048622782506644591,-0.066086714358504911,-0.12425732855986467,0.09921435594274032,0.11537891401311531,0.15284467248627925,0.063492075451872215,-0.089233391666144052,-0.13096071457771224,-0.073866910652113441,0.024650160844024306,0.15356758152601607,-0.12013042695179588,-0.172903224315055
0.089763499693523166,0.39629330266489676,-0.21845155884454726,0.17652389382133968,-0.012877192825960832,-0.027035059554072222,-0.11874191522775124,-0.19796515953684787,-0.2718813206720006,-0.10555114748158693,-0.33178656211668428,0.27592942060514425,0.30795513502670718,0.28407150208676346,0.11348275275148421,0.35177841151989964,0.1828630513721107,0.20089743247471775,0.58971306514634858,-0.18990487319884183,0.46808433335846017,0.14075287986758345,0.079074722892734817,0.088201503573335269,0.10210593655453802,-0.24597701279224687,-0.14667225528905972,0.25134880364034023,0.26032067723953867,0.057974300634231687,-0.25849133025746224,0.44655193737651755,0.18506232221181865,-0.31450249546542974,0.28971478899807718,-0.27393710691111173,0.15270988906424626,-0.061564411065656757,0.53132695601732383,-0.043638590079586703,-0.29550511758832887,-0.29045737672043143,0.3424796402827881,0.37181695213180721,-0.15834537420216249,0.40787733753410199,-0.23536892965136333,-0.0046109184056726815,-0.27356735103627083,0.28300390796158986
0.12481152717352799,0.0073128870290830776,0.044985351806920634,-0.026879402043521614,-0.05923387863816762,0.033197607985986734,-0.032384843308105225,0.011509943750704091,0.083183855238809917,-0.19673597529837122,0.083256014233856604,-0.41706612767348977,-0.36812881402876541,-0.027794294514083859,0.090552400413256601,0.15677716356382412,-0.001383947385416769,0.13112722222370862,-0.038400628923245347,-0.066086051293710549,-0.40542179709284693,0.047444881365733708,0.019172582721503253,-0.0066645165523799592,-0.33665292421158677,-0.30735858992434506,0.0080924413814106831,-0.13155204983629895,-0.094122928450160584,0.14140356237487139,-0.10351044945990796,-0.45827623313026938,-0.27412547310383639,-0.033269592516309489,0.073364556042170931,0.1250083124190525,0.079709617846421763,-0.038693614821985307,-0.12386285247821383,0.0719942068852885,0.025105361338529406,-0.17898366616610414,0.049848047550542569,0.17714215370478734,0.11653441998799792,-0.36152196734733227,-0.21819601042010187,0.052810757953043991,0.054876961103796161,-0.31149510054022977
-0.27366734349729865,0.13733236651085021,-0.02948653579466174,-0.046332093683243238,-0.031943027870330223,-0.17478771742921242,0.023370096552651109,0.054841264643697901,-0.0029083701800129294,-0.26190259717318159,0.11481965426835032,0.20228353941367117,0.10218587202045327,-0.074063681720085331,-0.34618877851428803,-0.16169623341731659,-0.035884564883075509,-0.22890054834337142,0.2772904747029078,-0.11268566935347331,0.1090619196893894,-0.050123953641336087,-0.22227535330502901,-0.16234888949688978,0.10410431016910157,-0.19951031762517885,-0.036320422468845953,-0.042763046426652303,0.22604781315781508,-0.19560148143902611,-0.18678492860922399,0.17344918718090779,-0.032563842117509241,0.083044782913861734,0.24976099904770549,0.12749227146881412,-0.49376260799642951,0.034686831355348738,0.23151533237713801,0.37037229624850498,0.050944109865695419,-0.18341641718800891,0.094515881203777755,-0.49200643748495887,0.049925622083318216,0.19874006483570472,-0.30181471200969057,0.046180962269409452,0.075765060225992831,0.1702022356543722
-0.11179007432602731,0.053865150500680761,0.021725613682550122,-0.21941049462142295,0.0058977412621191118,0.18321956592460953,0.04529193616804765,-0.013977396915367543,0.14324577613018261,0.12280039920847004,0.1277006474420129,-0.044537488729262609,-0.052205380128214407,0.18084339803286886,0.079297981397781159,-0.13477029703677776,0.13347217596876204,-0.14975068132606542,0.0093899168780248836,0.055070032582747834,-0.037648560927099062,-0.058318019544724264,0.16365788755166988,-0.17553931925164704,-0.054020165860772212,-0.089221206412864268,0.24852617766478091,-0.076395012224046335,0.011877588728931826,0.055440466737456319,-0.17551981581884216,-0.06871996091789713,0.19782045159565648,0.1767783495672047,-0.0079729535442024276,0.033621395007758112,0.1822749387350148,-0.045156425640141155,0.15026746974091409,0.07183479538097802,0.17311465156962141,-0.066484682857672256,0.056946034277071483,0.062194320919401115,0.037086319485442339,-0.31972022100980346,0.001109700414461369,-0.11041621073714597,-0.0028704949898739097,-0.26904043942825567
-0.41271680917884646,0.37283848619652438,0.017274323839257984,-0.036496996586649823,-0.027069287626523799,-0.086410184092719847,0.0026242041444030817,-0.025250518392237364,0.026663025737588598,-0.24403241782333904,0.12403160007202386,0.17635734532892203,0.13745215196173272,-0.13374275285144194,-0.32963290998608508,-0.28093485789764971,0.048253639044167664,-0.13094311620072238,0.31606199070768842,-0.049003204820545161,0.083993224776880038,0.13979170838691415,-0.33521819889125226,-0.26174723740135797,0.047609777626731173,-0.13768674317919863,-0.051017783495631262,0.040963645411796409,0.025555021903274116,-0.046506338677230953,-0.22617969280594269,0.16829686904807684,0.037473261157336284,-0.051827057938499864,0.26967189601041525,0.13458004131340179,-0.38795826621954871,-0.039562637450644103,0.24406300180147561,-0.011450896068145198,0.00034581330968399318,-0.210957395170287,0.23440642670298514,-0.41401890504449895,0.026365099093065402,0.17340937827503589,-0.29149073085248228,0.026661848540963849,0.024668809194666633,-0.1760931090412079
-0.071692925365944168,0.007644547104357257,0.034133108545440168,-0.033099264581477848,-0.051534412921597841,0.1135781098737013,0.1000101989397849,-0.27540452541760063,0.037264584831747292,0.084399590622767418,-0.14271287979951486,0.19311419288240364,0.074308668009636397,-0.050258099444754345,-0.060218811955563202,0.032732931832025004,0.083461141440881348,0.036186890505014932,0.012817117224215236,-0.028695151199064885,-0.0088461027074549139,-0.076220426622403359,0.042245599230185976,0.0060873949179844119,0.032243194715460465,0.029868720416011435,-0.12303014727213982,0.0026484736397234909,0.20954823055342439,0.17908799682238172,0.033100766880576088,0.16892346656498192,0.052916230027506818,-0.093373443189669045,0.019351718012338502,0.028145334917561035,-0.097288234721191899,0.080165353884460319,0.060759173711148119,-0.12606830800843194,-0.16641016588020427,-0.018207127391677499,-0.051579357966835021,0.063687585488674259,-0.1463022806505446,-0.048810619952115719,0.19508964660242822,0.10588229061494235,-0.035721680349127628,0.048149239784893841
0.087820681743633139,0.074658466795802042,0.0081824188204443777,-0.020629128540028928,-0.16190985266112623,-0.0037736860396683381,0.081106131203455875,0.059502824243236857,0.045678137528180361,-0.16687176995696335,0.033639289380523865,-0.36147700318764087,-0.2092428148975293,-0.021974484269331782,0.047024403895192982,0.0502656967582178,-0.016758731894203693,0.059419897450724742,-0.20650431063864239,-0.071409763941506527,-0.47384498586167406,-0.12528772123058965,0.0029902162321768871,-0.0083080865206917858,-0.28579930473156367,-0.22979827164791777,-0.051558491332600952,-0.10774783021718788,-0.081240858244993636,0.20720155187662109,-0.057665443315091623,-0.4384700758107436,-0.20713843345395513,-0.0095698221896648224,-0.049067945795672196,0.11665870097869423,0.081137305607576593,-0.16271704036547854,-0.049943268737239699,-0.0086989786159098401,0.011486944256913113,-0.074158797401450843,0.024573882981393388,0.060220713759084048,0.039642759241352764,-0.37508256403082679,-0.10346302895858674,0.046834821559704316,0.044061893886540297,-0.19989335014296478
0.026759163060782895,0.058191363655813316,-0.23502033583953982,0.45204190776094311,-0.13193401654289286,-0.11224469922069366,-0.19908601848098276,-0.27987365904499995,-0.41492771774292014,0.044381539721366541,-0.35310674457106989,-0.31320697787374613,-0.23234571730543652,0.48177077149822134,0.10761956839395966,0.0096622690986906037,0.38249085563416174,0.079121894035103918,-0.17037797724025036,-0.0012110040157252199,-0.22572923463412664,-0.45867977092651846,0.34042292285878084,0.32850419137742343,-0.25898177837598768,0.1080970022619685,-0.063649043692436125,0.30828739464955746,-0.13912715213709168,-0.17936386248398292,0.2280858566344495,-0.30171871570608805,0.5354521187867064,0.0086394495322514846,0.14447910727313215,-0.32191031569281353,0.11684814243179918,-0.15294571751377273,-0.10753483003183185,0.053486558850414381,-0.18870533738420928,0.2708241587118228,0.13166412135595698,0.045607683236213982,-0.2821398992962339,-0.093884111475281251,0.29850569491011508,-0.30100453649689807,-0.36641968043177803,-0.24409609529380299
-0.036019109735721269,0.03039827610520569,0.026991652041059976,-0.00064503615834716208,-0.28762069707232402,-0.032259073703070788,0.010572538586776835,0.0134670262698045,0.11246613272970202,-0.0040813409718297817,0.06915254107422622,0.02958322537099323,0.023223037998888224,0.0079613428908515051,-0.14976102437029545,-0.023089148059356579,0.006936208893394873,-0.070988518161891778,0.0049116678862823684,-0.0057387340436017087,0.058131953931678242,0.025959018422448205,0.033114628331489065,0.025927972360303645,0.14948399176030711,-0.013860531710292227,-0.0079423484496183409,0.050676215252971876,0.021830137012264675,0.0316521607678606,0.014339519183079911,0.072409312402793302,0.063056114807895414,0.026831745133826617,0.038704411793971764,0.088026788696466698,-0.22119727051594834,-0.072395093806493629,0.050274534293436354,0.04968920182722758,0.069016411357616214,0.0026554363091532496,0.071368261948991263,-0.042694688824116291,0.071413020342832104,-0.058764792821466488,-0.0090410328275674495,0.060616477916323297,0.070389318774073964,0.027578097507800312
0.040988617837207281,-0.15906325984393921,0.019660058296979487,0.085497599511822994,-0.0098392310617880716,-0.049689716505173592,-0.048948018317780763,-0.075422779857755598,0.21772572112149191,-0.0024577500536515423,0.005947564697286585,0.14580639072889484,0.18964338173566431,-0.091440091602197404,0.0014900029669785845,0.066466238436416775,-0.19121230417263158,-0.087105497419438405,0.18229328730615457,0.010287108654934088,0.1056298485071669,-0.13263141460703695,0.053143234142415764,-0.15096956997052452,0.034616634687685929,-0.016522405621000606,0.23369194492918247,-0.063071326471194067,0.022243542984652424,0.12834957312469611,0.090152608067448625,-0.13331552253301832,0.18880303366935375,-0.20150705979166081,0.14263348507754742,-0.0079347067733047828,0.10304336653287093,-0.058604928161525252,0.007965905574474309,-0.062856063552102201,0.074130773435720582,-0.0035872991612508373,0.099187984627367831,-0.053488423502757489,-0.15904995290226739,0.086484942248632277,-0.034967099894586073,0.0065931673860643615,0.096963349457090925,0.10308411981177359
0.18587496348737514,0.04359402021072329,-0.4002563519653532,0.65171711258856602,0.25226212980841073,-0.042025581909874522,-0.2750399127063623,-0.094758856736471872,-0.33997469735645558,0.0057315151544738699,-0.4274356636810529,-0.012459020335136069,-0.039672127765061217,0.39961703322612041,0.099403858252640365,0.15224353279793795,0.60160039550206312,0.12049223807828006,-0.10401215505932145,0.00043769467658831063,-0.10599344565388001,0.0030361785521876615,0.47616522630421187,0.55131136046767193,0.023423079887006568,-0.029577824181668544,-0.031141110623382814,0.63403964891344156,-0.23170121533016128,-0.03950745451115191,0.16686863004564398,-0.3002257920494048,0.46454142995819964,-0.072998976274620139,-0.054351685541350468,-0.42810659853763394,0.18161511174500503,0.099119110416760262,-0.12400390508069581,0.052743749528301409,-0.39633799630158817,0.11182903422016392,0.18607379008052352,0.02604041271346174,-0.44949174848371182,-0.25212474312762007,-0.0052353373549417466,-0.42864548808470043,-0.50477168767476799,-0.041381732300874385
0.013798950232025847,0.1130057177579777,0.018332173330346781,0.17880581905197343,-0.17690905362047199,-0.030255815211232565,0.061200211680645926,-0.035642542058411136,-0.088923730694385639,-0.14087860175579475,0.03800998806161901,0.16268914138133617,0.028198593578089279,0.028006305542684514,-0.16792563428918003,0.035206646627563794,0.03545273258721774,0.03309670582981325,0.10863868579548218,0.11154124436966398,0.097623754486823588,0.030602305373618306,-0.033929522611186702,-0.057582050082485292,0.12399886414829467,0.041390406198635321,0.092290806749405693,-0.028496725760698633,0.048762130271672248,0.043242819757961307,0.036308462333807405,-0.066714320286214698,0.19347195311613535,0.056478705782368188,0.18662190560162636,-0.12226284869414117,0.068428696511028772,0.017745821719081734,-0.046672943996684618,-0.22351191175228646,0.10598054694809517,0.017348992288314359,-0.21176650389690638,0.020458455455704749,0.083543737518277775,0.06179406748109844,0.00032455867127226549,0.059807319740961422,0.036265992190331511,0.05120099581884973
-0.041977617612862797,0.48512846744964366,-0.082844797367685061,0.14842212479855055,0.076575051281588674,-0.17304999360757917,-0.14643574525463005,-0.12615958945654926,-0.2276863220740091,-0.07986983105485139,-0.14013514230197543,0.29049245065133067,0.39744880372779345,0.10187305975123918,0.09584787080883711,0.57187071198372774,0.29140973591078467,0.026929009796527709,0.30888063568488838,-0.14808690520456624,0.42397973646011605,-0.043661279431817773,-0.14949621615642938,-0.27673934170466369,0.22166018029661214,-0.19414330759344939,-0.25042992283781224,0.1713942949352219,0.42476447885355173,0.02477047207748893,-0.055431895565496832,0.4769116144392993,0.15723333927086541,-0.21129242434650503,0.34903718182657273,0.0058434452947319958,0.23204879383435242,-0.066238558955310153,0.45525418738490586,-0.21036441570261974,-0.3102528202009025,-0.14784974893769748,0.31486849827999536,-0.012367418915827827,-0.11067169792323582,0.25929292841272028,-0.11623684244672355,-0.17476982877757116,-0.096479649733023476,0.36184390119202581
-0.091975871113731872,0.0052632618993779107,-0.12629208788957505,0.44163200976398231,-0.049552275326244476,0.031111993233365571,-0.29440299245074159,-0.0023978747442480021,-0.12682444765346421,-0.0013807500701560895,-0.27465071792029089,0.058030154044392511,0.042146098064370058,0.32461551382402537,-0.20390723253099663,-0.015911903114190603,0.4328059251301587,-0.17543337381915081,0.088267345327165764,-0.010311451875081128,0.085791431377104654,0.084119767990045238,0.15379899265307345,0.2891096653109177,-0.093932025398600669,-0.014437408540492932,-0.015338912227186996,0.39101941290705639,0.036746310611721088,0.004506514597774295,0.053544411565460109,0.039682465165849376,0.47794700037878213,-0.14679093850485053,0.052016285707210244,-0.29090822391057708,-0.029134489562177242,0.078797227750469476,-0.014943619552655074,0.012359288755624668,-0.12928505932325146,-0.0035970749565491502,-0.2710559923754402,-0.036134455646065121,-0.21187957209763258,0.27429115554137118,-0.011407388605866528,0.0058890284913687948,-0.29957964423594996,0.044013945432046182
-0.32310202657002907,-0.28167126770286555,-0.29705520415750708,0.48764412565864351,-0.11821868322979064,-0.031127567203424831,-0.29894828548203728,-0.30131252629523025,-0.28189243200110853,0.30591900893765961,-0.17298416156094387,-0.10798490624242665,-0.092543000499559117,0.39931573234046586,-0.34849352573037534,-0.25574443415921444,0.36968837819373301,-0.31782506399436172,0.12827230193430056,0.13822217500907877,0.14581170922859524,-0.401539714330439,0.17840925335557356,0.4353508582527334,0.055325712880498742,0.13416055969231447,0.14277982852251966,0.59690674438885349,0.18054062303848661,-0.3323562496611388,0.50231744741601836,-0.060222911982388848,0.42809679036090309,0.015267965228703302,0.0026199107627053377,-0.18523849001134154,-0.42996749882460422,-0.023696469720251266,-0.043349282885505332,-0.23561134429781044,-0.23921328030234079,0.43541466403219398,-0.3636762362802291,-0.32604365761354409,-0.31673241982803652,-0.039161692184394602,0.50570579918988201,-0.36141093369344102,-0.24621123260323918,-0.068232782469083417
-0.20276303026048947,0.25273089866470516,-0.10405625253957315,0.22683007022374643,0.01298462558124487,-0.036799947092408532,-0.072284533485521385,-0.10885849041567208,-0.24607189820435343,0.0063991798009180338,-0.15772254960782317,0.24929139536011993,0.30842458266916223,0.095514057785619055,-0.11970512144810799,0.049620068910794936,0.11879426066862522,-0.14193874195857381,0.13452565599921545,-0.13952218155069149,0.34674955215059999,-0.011689396254994627,-0.058559281634489029,-0.17085737539815823,0.13623478601213304,-0.21931976608620432,-0.17806393517272598,0.11800933729211595,0.19110435081483307,-0.31229197336286624,0.052576731728566549,0.12380003748065274,0.12505468473850523,-0.18586309369350845,0.21813498891288599,0.084048781398423519,-0.12378961308004989,0.047914464927412859,0.29273680756600651,0.15778640693063958,-0.15577746327399236,0.0068527011816011665,-0.050312542281625502,0.01560410353341778,-0.089883874465703409,0.24167703451967967,-0.04844696111040904,-0.085827625360404849,-0.082098496667126541,0.13914789380285225
0.29062248717962602,0.4391330361693403,-0.19685322287921572,-0.0052964464479842276,-0.27491855001743176,-0.082222552087708692,-0.25462468023580048,-0.11384392960472089,-0.26881688437705326,-0.011493650174232723,-0.17351037765163987,-0.14275254150846137,0.080345394126373981,-0.04329413188167941,0.37840097802974992,0.41267807115662397,-0.012070701657266571,0.3198170433802906,0.002920049739049435,-0.21889845712116335,-0.024535952536171142,-0.048086168844533296,0.088890409514546534,0.14166690266384835,0.013004263029629945,-0.30970694842447788,-0.19809213127404637,0.10905589719418775,-0.13903407154026112,0.21158240950699098,-0.086616317973192469,-0.24847375433824348,-0.076459835196855036,-0.22574931573662155,0.31440362587749016,-0.016744011635690243,0.38559593663346714,-0.072449907576516009,0.15832789862510785,-0.039929025933343389,-0.2064444873948047,-0.26281627739524804,0.37532259126149448,0.35342406275616556,-0.15286217025610543,-0.13801200200185434,-0.1557627216672037,-0.005200793011859408,-0.29804480036046554,0.1646202160280881
0.13510242328017996,-0.12587583282850748,-0.19972332639638232,0.048320872695531647,0.10352364387666635,0.089972516751816042,-0.10814685399596452,-0.20326882450946107,0.15349957973572237,-0.08229391424519171,-0.077562839647963164,-0.070269147646768629,0.051434305631449517,-0.067116268836399248,0.0060435084456871187,-0.035919243254397173,-0.07194519724207947,0.13524398178640643,-0.079214204889551415,0.29902953973473467,-0.11881509314085054,0.013203978902649148,0.12169559690709249,0.18467412484973794,0.16339687965764324,0.10581297621872919,-0.037543518876363244,-0.060439940478779812,-0.14537828775504227,-0.00080319183725278877,-0.0074351917610079076,-0.066414443216539595,0.042306043568171574,-0.0013615845930912045,0.12314877384152341,-0.087423984164569132,0.011968518622560915,-0.17553107685811367,-0.1171171643726152,-0.058369879839780675,0.071676668685654685,-0.040746147893525653,0.022280924152880615,0.0060851104194552591,-0.14033965971890019,-0.024606722546304565,0.13495634291276454,0.068413261202201189,-0.077122466008642088,0.061999110568734472
-0.1624050559546481,0.24381306887198739,-0.0010604468103705188,-0.035652869708185431,-0.062637894650316051,-0.024299088931875421,0.0032456206734298282,0.020866876310543233,0.11081887451790248,-0.22777407303371139,0.062576415700113977,0.17244721748879888,0.051360218215905161,-0.13266553367801459,-0.23181795975308436,-0.24304858944284607,-0.093794982981887889,-0.42886621447472045,0.30939437559758959,-0.060315342551468351,0.084740445498164341,0.057466160163342932,-0.26884083342730652,-0.24078428610822769,0.038464324936259287,-0.14202414367912958,-0.048944086334598229,0.033513329650338763,0.15259877596520957,0.061445767055497612,-0.23323074588933934,0.18358248550347164,0.01666158289228414,0.0088035951642118117,0.17535801057842582,0.10779252988139924,-0.41625396101269457,-0.12829985062337182,0.19992668291995577,-0.17071297472814093,-0.007498773899797413,-0.2937649601243455,0.29570083272413089,-0.57200157095128457,0.00056481154227185342,0.15435188745411602,-0.437738509242933,0.031910944142845989,0.033157998832115516,0.26038115029460618
0.056201321403921339,0.11115404484767726,-0.15052908475146121,0.3736776363257826,0.032112850661218557,0.046893529311263241,-0.3017934707934028,-0.11009941372417426,-0.32044160591495785,-0.0069888631703484798,-0.21612336628165779,0.062951991146610958,-0.031570805409967491,0.26409430636293585,-0.020771243366472188,-0.011503841237730985,0.42285384477228577,0.078345550603764191,-0.26029399433287059,-0.011219987091813885,-0.52883592150443148,0.04899351113763728,0.40958934389369234,0.36084917370883096,-0.070913695764062826,-0.010340034606590685,-0.017099375752781844,0.23756511792779869,-0.32547421487926531,0.030755992235627142,0.11253891307247002,0.081023162090258172,0.37117803134446287,-0.1059526962849931,-0.087380149634002119,-0.2253218660540367,0.066621748299411046,-0.050848345321618811,-0.012272838411906472,-0.036314356885221825,-0.2772580488939973,-0.069044197720370445,0.054774288150227071,-0.053805308106461981,-0.35314401494991104,-0.017290350274253928,0.014944257175205344,-0.30240897400487377,-0.21247732773998129,0.033731770353132774
-0.0458954678815564,0.050716190302492851,0.014793755676818322,-0.12367639485628326,0.054002557789681049,-0.11880530752738037,0.04024434453188714,0.068651797458644928,0.12291112762320995,-0.028980937433458889,0.098532080436203609,0.073837641126919359,0.11945094126709455,-0.086354807701564243,0.04787879120805999,0.072082089397441582,-0.1409424525209606,-0.013964254944996752,0.20975826231416994,-0.046643628474252567,0.16583641445521421,0.15490191316260632,-0.04339754772191981,-0.035888650584888208,0.10912543015693726,0.016892255977987498,0.0071200197719368174,0.073495355669839238,0.17291777769795263,-0.072031177413973815,-0.018601472208384286,0.041401456728383412,-0.041122324857164758,-0.065176488062265031,-0.087322376204782656,0.080932959371705013,0.02535336263535834,-0.0014011366187532696,-0.046120433839502178,0.012601252920871107,0.13342575946520308,-0.12875051036432109,0.11743042268005084,0.016215715998663418,-0.11269222634987219,-0.036822818558829615,0.039943526831051408,-0.063584996702328409,0.1633792863266583,-0.18451230100558447
0.012023256265509062,0.075903534205754256,0.058352189786290837,-0.026120720910044311,-0.07453701038658328,-0.073167279205162736,0.10084327288825477,0.10217994461862909,0.22129588058195868,-0.23829850945213824,0.11488606733425845,-0.23503227233154558,-0.30788429903626852,-0.023857470740703719,0.11549646981122023,0.048205326419788509,-0.024682716680329744,0.028244127734734496,0.043494877648612422,-0.083977394569685615,-0.22886612051538016,-0.28696663686182583,-0.00053607689310194192,-0.018603676633077128,-0.36770079165900038,-0.062465763086417492,-0.033868018416680183,-0.083947826018324678,-0.069285117135713808,0.09028229605773419,-0.040107896211455343,-0.31619655749269066,-0.14334688068055443,0.0681805518676981,0.089670350022216086,0.061049913597131765,0.10162111238468557,-0.04662296924431613,-0.11429948598140782,0.058952653465708986,0.15315265457730068,-0.059807331401186173,0.083284790946655668,0.12683728873330466,0.12826392813914536,-0.15949225227284586,-0.098542578738933892,0.18008251565050806,0.14927396637137094,-0.23241699499787213
0.29180281787496487,0.34176377619342313,-0.16299786409637113,-0.13319454670531608,-0.044964703535309992,0.04318799785411289,-0.18545677310889092,-0.1128834213262702,-0.057726119195258649,-0.22687806367639679,-0.019339102907975046,-0.015408521006165955,-0.18498935327163174,-0.03357019954827891,0.2618012266695206,0.32185702636640995,0.16626995915434084,0.30305577260633443,-0.33338348994991884,-0.25054785845434413,-0.29597216379127234,0.058955517242628992,-0.032639560582338814,0.092410125393957876,-0.1865146134282244,-0.47542721518399944,-0.27035683148483536,0.12664812235059572,-0.22438961067630345,0.21000175712640518,-0.29251154136068169,-0.18723979912249944,-0.27147861938365292,-0.25414285276622056,0.22194739445586092,0.13075184356120409,0.27452603536071135,-0.062479057365293807,0.0078048024267962663,-0.034520531549546075,-0.10399757222482804,-0.21195684137374621,0.3787791638636574,0.38993230525128447,-0.24577036201727465,-0.20758683596591934,-0.32317292369049233,-0.27334285956061005,-0.10309059039039065,0.16028164752990803
-0.043952108942226342,-0.0051005767826893525,0.072103837824657208,0.074738924412551117,-0.083576907897315214,-0.11397711460835264,-0.099358630234272841,-0.067447243386350442,-0.024426269822372539,-0.16520157355533854,0.12812058015492586,0.13499087182296754,-0.066562170427035522,-0.012994316872744627,0.028802571237640958,-0.067483199528843546,-0.021564905371131166,-0.062825769665878925,-0.14144770763588574,-0.13609421206381586,0.12983269154301696,0.025541968630476187,0.043958403953270567,0.017041550791154932,0.022194507247488084,0.27092299359905975,0.022702012447833205,-0.13384819129952893,0.042487367113980434,-0.15669231897397204,0.15377663662044377,-0.090002684524013346,-0.04545171491769609,0.04804233597270096,-0.087639581345456061,-0.17422497981941204,0.030746951087093573,-0.02196591292327699,-0.040968376193279865,-0.055435990319025422,0.057114019230730284,0.074848181380545137,-0.093023627422890998,-0.0018978166166849165,0.023326526095916896,-0.0094313373622571788,-0.086526858573116636,0.033635961979847584,0.10738754380748604,0.029160793451193625
0.11087422161657018,0.040999039417369709,0.0067857180320575576,-0.032031306887305155,-0.06513491615223907,0.032725865140942327,-0.028692884868513013,-0.01355704896964321,0.084676730289941701,-0.12019157377288373,0.086366483394252277,-0.38966577197926056,-0.28736232147777824,-0.031967569197526573,0.10677656476167452,0.069725025597848989,-0.023729417687347369,0.11167043552034836,-0.11280973594945225,-0.20067927026673735,-0.32072400504604692,-0.29488533786228183,0.019365742036002425,0.026403148315609404,-0.34445408639316977,-0.23297558934762871,-0.13459906539702321,-0.15281939347009202,-0.21848253451040323,0.17147657240012987,-0.11153529413003055,-0.34077452232158967,-0.28886380759038316,0.031016772305913952,0.098165749732916807,-0.0036595319878589285,0.12508808164949359,0.0028609353170519422,-0.10819367279064884,-0.097593454397112422,0.0042640289901141309,-0.17665363632320694,0.1708089809809501,0.21482015987392436,0.060010911154544419,-0.36881773194722384,-0.21691575971576041,0.26132976646540845,0.044348188921264534,-0.31460844268590271
-0.13826712913325287,0.041669971659862734,0.018020283580998588,0.07143359574207292,0.065085937430645655,0.029761152408386893,0.076487054825472967,-0.032742422896935401,0.075396263817895978,0.039848381338160634,0.10829471961104412,0.1544727669505461,-0.035737071884496506,-0.020158645120299492,0.060694146818048057,-0.13760774560038522,0.11344218101673087,0.10601865745422877,0.046757382822744331,-0.057512007423308559,-0.027198700942644739,-0.10050823206863527,-0.084292393708439398,0.078672938980067941,-0.13298374062851001,-0.13636983620008516,-0.067420797643616831,0.20112387417337116,-0.05642982757245725,-0.022371807401245728,0.022572685724657135,0.0096197418891961848,-0.04104061923287166,0.12371983317513831,-0.064924688754963517,0.10877249440719997,-0.0038117781761007039,-0.046514743698482401,-0.016202793644453088,-0.11035206917644323,0.13475361510970904,0.036739122473630287,0.12994664551577248,0.011618058629779363,-0.082768165461206245,-0.05411687767322642,0.06505424832030525,-0.023052419264453436,-0.018774592008665256,-0.039238934962358425
